toDoListCsvService,getAll,Wed May 11 13:37:45 EEST 2022
toDoListCsvService,add,Wed May 11 13:37:45 EEST 2022
toDoListCsvService,getAll,Wed May 11 13:37:45 EEST 2022
toDoListCsvService,add,Wed May 11 13:37:45 EEST 2022
toDoListCsvService,getAll,Wed May 11 13:37:45 EEST 2022
toDoListCsvService,getById,Wed May 11 13:37:45 EEST 2022
toDoListCsvService,getAll,Wed May 11 13:37:45 EEST 2022
toDoListCsvService,getById,Wed May 11 13:37:45 EEST 2022
toDoListCsvService,getAll,Wed May 11 13:37:45 EEST 2022
toDoListCsvService,getById,Wed May 11 13:37:45 EEST 2022
toDoListCsvService,getAll,Wed May 11 13:37:45 EEST 2022
toDoListCsvService,getById,Wed May 11 13:37:45 EEST 2022
toDoListCsvService,getAll,Wed May 11 13:37:45 EEST 2022
toDoListCsvService,delete,Wed May 11 13:37:45 EEST 2022
toDoListCsvService,getAll,Wed May 11 13:37:45 EEST 2022
toDoListCsvService,add,Wed May 11 13:37:45 EEST 2022
toDoListCsvService,updateName,Wed May 11 13:37:45 EEST 2022
shoppingListCsvService,getAll,Wed May 11 13:37:45 EEST 2022
shoppingListCsvService,add,Wed May 11 13:37:45 EEST 2022
shoppingListCsvService,getAll,Wed May 11 13:37:46 EEST 2022
shoppingListCsvService,add,Wed May 11 13:37:46 EEST 2022
shoppingListCsvService,getAll,Wed May 11 13:37:46 EEST 2022
shoppingListCsvService,getById,Wed May 11 13:37:46 EEST 2022
shoppingListCsvService,getAll,Wed May 11 13:37:46 EEST 2022
shoppingListCsvService,delete,Wed May 11 13:37:46 EEST 2022
toDoListCsvService,getAll,Wed May 11 13:48:00 EEST 2022
toDoListCsvService,add,Wed May 11 13:48:01 EEST 2022
toDoListCsvService,getAll,Wed May 11 13:48:01 EEST 2022
toDoListCsvService,add,Wed May 11 13:48:01 EEST 2022
toDoListCsvService,getAll,Wed May 11 13:48:01 EEST 2022
toDoListCsvService,getById,Wed May 11 13:48:01 EEST 2022
toDoListCsvService,getAll,Wed May 11 13:48:01 EEST 2022
toDoListCsvService,getById,Wed May 11 13:48:01 EEST 2022
toDoListCsvService,getAll,Wed May 11 13:48:01 EEST 2022
toDoListCsvService,getById,Wed May 11 13:48:01 EEST 2022
toDoListCsvService,getAll,Wed May 11 13:48:01 EEST 2022
toDoListCsvService,getById,Wed May 11 13:48:01 EEST 2022
toDoListCsvService,getAll,Wed May 11 13:48:01 EEST 2022
toDoListCsvService,delete,Wed May 11 13:48:01 EEST 2022
toDoListCsvService,getAll,Wed May 11 13:48:01 EEST 2022
toDoListCsvService,add,Wed May 11 13:48:01 EEST 2022
toDoListCsvService,updateName,Wed May 11 13:48:01 EEST 2022
shoppingListCsvService,getAll,Wed May 11 13:48:01 EEST 2022
shoppingListCsvService,add,Wed May 11 13:48:01 EEST 2022
shoppingListCsvService,getAll,Wed May 11 13:48:01 EEST 2022
shoppingListCsvService,getAll,Wed May 11 13:48:01 EEST 2022
shoppingListCsvService,getById,Wed May 11 13:48:01 EEST 2022
shoppingListCsvService,getAll,Wed May 11 13:48:01 EEST 2022
shoppingListCsvService,delete,Wed May 11 13:48:01 EEST 2022
shoppingListCsvService,getAll,Wed May 11 13:48:01 EEST 2022
shoppingListCsvService,getById,Wed May 11 13:48:01 EEST 2022
shoppingListCsvService,getAll,Wed May 11 13:48:01 EEST 2022
shoppingListCsvService,getById,Wed May 11 13:48:01 EEST 2022
shoppingListCsvService,getAll,Wed May 11 13:48:01 EEST 2022
shoppingListCsvService,delete,Wed May 11 13:48:01 EEST 2022
shoppingListCsvService,getAll,Wed May 11 13:48:01 EEST 2022
shoppingListCsvService,add,Wed May 11 13:48:01 EEST 2022
toDoListCsvService,getAll,Wed May 11 13:50:32 EEST 2022
toDoListCsvService,add,Wed May 11 13:50:32 EEST 2022
toDoListCsvService,getAll,Wed May 11 13:50:32 EEST 2022
toDoListCsvService,add,Wed May 11 13:50:32 EEST 2022
toDoListCsvService,getAll,Wed May 11 13:50:32 EEST 2022
toDoListCsvService,getById,Wed May 11 13:50:32 EEST 2022
toDoListCsvService,getAll,Wed May 11 13:50:32 EEST 2022
toDoListCsvService,getById,Wed May 11 13:50:32 EEST 2022
toDoListCsvService,getAll,Wed May 11 13:50:32 EEST 2022
toDoListCsvService,getById,Wed May 11 13:50:32 EEST 2022
toDoListCsvService,getAll,Wed May 11 13:50:32 EEST 2022
toDoListCsvService,getById,Wed May 11 13:50:32 EEST 2022
toDoListCsvService,getAll,Wed May 11 13:50:32 EEST 2022
toDoListCsvService,delete,Wed May 11 13:50:32 EEST 2022
toDoListCsvService,getAll,Wed May 11 13:50:32 EEST 2022
toDoListCsvService,add,Wed May 11 13:50:33 EEST 2022
toDoListCsvService,updateName,Wed May 11 13:50:33 EEST 2022
shoppingListCsvService,getAll,Wed May 11 13:50:33 EEST 2022
shoppingListCsvService,add,Wed May 11 13:50:33 EEST 2022
shoppingListCsvService,getAll,Wed May 11 13:50:33 EEST 2022
shoppingListCsvService,add,Wed May 11 13:50:33 EEST 2022
shoppingListCsvService,getAll,Wed May 11 13:50:33 EEST 2022
shoppingListCsvService,getById,Wed May 11 13:50:33 EEST 2022
shoppingListCsvService,getAll,Wed May 11 13:50:33 EEST 2022
shoppingListCsvService,delete,Wed May 11 13:50:33 EEST 2022
shoppingListCsvService,getAll,Wed May 11 13:50:33 EEST 2022
shoppingListCsvService,getById,Wed May 11 13:50:33 EEST 2022
shoppingListCsvService,getAll,Wed May 11 13:51:58 EEST 2022
shoppingListCsvService,add,Wed May 11 13:51:59 EEST 2022
shoppingListCsvService,getAll,Wed May 11 13:51:59 EEST 2022
shoppingListCsvService,add,Wed May 11 13:51:59 EEST 2022
shoppingListCsvService,getAll,Wed May 11 13:51:59 EEST 2022
shoppingListCsvService,getById,Wed May 11 13:51:59 EEST 2022
shoppingListCsvService,getAll,Wed May 11 13:51:59 EEST 2022
shoppingListCsvService,delete,Wed May 11 13:51:59 EEST 2022
shoppingListCsvService,getAll,Wed May 11 13:52:29 EEST 2022
shoppingListCsvService,add,Wed May 11 13:52:29 EEST 2022
shoppingListCsvService,getAll,Wed May 11 13:52:29 EEST 2022
shoppingListCsvService,add,Wed May 11 13:52:29 EEST 2022
shoppingListCsvService,getAll,Wed May 11 13:52:29 EEST 2022
shoppingListCsvService,getById,Wed May 11 13:52:29 EEST 2022
shoppingListCsvService,getAll,Wed May 11 13:52:29 EEST 2022
shoppingListCsvService,getAll,Wed May 11 13:52:47 EEST 2022
shoppingListCsvService,getAll,Wed May 11 13:52:48 EEST 2022
shoppingListCsvService,getAll,Wed May 11 13:53:16 EEST 2022
shoppingListCsvService,getAll,Wed May 11 13:53:16 EEST 2022
shoppingListCsvService,getAll,Wed May 11 13:53:16 EEST 2022
shoppingListCsvService,getById,Wed May 11 13:53:16 EEST 2022
shoppingListCsvService,getAll,Wed May 11 13:53:16 EEST 2022
shoppingListCsvService,delete,Wed May 11 13:53:16 EEST 2022
shoppingListCsvService,getAll,Wed May 11 13:53:16 EEST 2022
shoppingListCsvService,getById,Wed May 11 13:53:16 EEST 2022
shoppingListCsvService,getAll,Wed May 11 13:53:16 EEST 2022
shoppingListCsvService,getById,Wed May 11 13:53:16 EEST 2022
shoppingListCsvService,getAll,Wed May 11 13:53:16 EEST 2022
shoppingListCsvService,delete,Wed May 11 13:53:16 EEST 2022
shoppingListCsvService,getAll,Wed May 11 13:53:16 EEST 2022
shoppingListCsvService,add,Wed May 11 13:53:16 EEST 2022
shoppingListCsvService,getAll,Wed May 11 13:54:26 EEST 2022
shoppingListCsvService,add,Wed May 11 13:54:26 EEST 2022
shoppingListCsvService,getAll,Wed May 11 13:54:26 EEST 2022
shoppingListCsvService,getAll,Wed May 11 13:54:26 EEST 2022
shoppingListCsvService,getById,Wed May 11 13:54:26 EEST 2022
shoppingListCsvService,getAll,Wed May 11 13:54:26 EEST 2022
shoppingListCsvService,delete,Wed May 11 13:54:26 EEST 2022
shoppingListCsvService,getAll,Wed May 11 13:54:26 EEST 2022
shoppingListCsvService,getById,Wed May 11 13:54:26 EEST 2022
shoppingListCsvService,getAll,Wed May 11 13:54:26 EEST 2022
shoppingListCsvService,getById,Wed May 11 13:54:26 EEST 2022
shoppingListCsvService,getAll,Wed May 11 13:54:26 EEST 2022
shoppingListCsvService,delete,Wed May 11 13:54:26 EEST 2022
shoppingListCsvService,getAll,Wed May 11 13:54:26 EEST 2022
shoppingListCsvService,add,Wed May 11 13:54:26 EEST 2022
shoppingListCsvService,getAll,Wed May 11 13:54:36 EEST 2022
shoppingListCsvService,add,Wed May 11 13:54:36 EEST 2022
shoppingListCsvService,getAll,Wed May 11 13:54:36 EEST 2022
shoppingListCsvService,getAll,Wed May 11 13:54:36 EEST 2022
shoppingListCsvService,getById,Wed May 11 13:54:36 EEST 2022
shoppingListCsvService,getAll,Wed May 11 13:54:36 EEST 2022
shoppingListCsvService,delete,Wed May 11 13:54:36 EEST 2022
shoppingListCsvService,getAll,Wed May 11 13:54:36 EEST 2022
shoppingListCsvService,getById,Wed May 11 13:54:36 EEST 2022
shoppingListCsvService,getAll,Wed May 11 13:54:36 EEST 2022
shoppingListCsvService,getById,Wed May 11 13:54:36 EEST 2022
shoppingListCsvService,getAll,Wed May 11 13:54:36 EEST 2022
shoppingListCsvService,delete,Wed May 11 13:54:36 EEST 2022
shoppingListCsvService,getAll,Wed May 11 13:54:36 EEST 2022
shoppingListCsvService,add,Wed May 11 13:54:36 EEST 2022
shoppingListCsvService,getAll,Wed May 11 13:56:04 EEST 2022
shoppingListCsvService,add,Wed May 11 13:56:05 EEST 2022
shoppingListCsvService,getAll,Wed May 11 13:56:05 EEST 2022
shoppingListCsvService,getAll,Wed May 11 13:56:05 EEST 2022
shoppingListCsvService,getById,Wed May 11 13:56:05 EEST 2022
shoppingListCsvService,getAll,Wed May 11 13:56:05 EEST 2022
shoppingListCsvService,delete,Wed May 11 13:56:05 EEST 2022
shoppingListCsvService,getAll,Wed May 11 13:56:05 EEST 2022
shoppingListCsvService,getById,Wed May 11 13:56:05 EEST 2022
shoppingListCsvService,getAll,Wed May 11 13:56:05 EEST 2022
shoppingListCsvService,getById,Wed May 11 13:56:05 EEST 2022
shoppingListCsvService,getAll,Wed May 11 13:56:05 EEST 2022
shoppingListCsvService,delete,Wed May 11 13:56:05 EEST 2022
shoppingListCsvService,getAll,Wed May 11 13:56:05 EEST 2022
shoppingListCsvService,add,Wed May 11 13:56:05 EEST 2022
shoppingListCsvService,getAll,Wed May 11 13:56:33 EEST 2022
shoppingListCsvService,add,Wed May 11 13:56:33 EEST 2022
shoppingListCsvService,getAll,Wed May 11 13:56:34 EEST 2022
shoppingListCsvService,getAll,Wed May 11 13:56:34 EEST 2022
shoppingListCsvService,getById,Wed May 11 13:56:34 EEST 2022
shoppingListCsvService,getAll,Wed May 11 13:56:34 EEST 2022
shoppingListCsvService,delete,Wed May 11 13:56:34 EEST 2022
shoppingListCsvService,getAll,Wed May 11 13:56:34 EEST 2022
shoppingListCsvService,getById,Wed May 11 13:56:34 EEST 2022
shoppingListCsvService,getAll,Wed May 11 13:56:34 EEST 2022
shoppingListCsvService,getById,Wed May 11 13:56:34 EEST 2022
shoppingListCsvService,getAll,Wed May 11 13:56:34 EEST 2022
shoppingListCsvService,delete,Wed May 11 13:56:34 EEST 2022
shoppingListCsvService,getAll,Wed May 11 13:56:34 EEST 2022
shoppingListCsvService,add,Wed May 11 13:56:34 EEST 2022
shoppingListCsvService,getAll,Wed May 11 13:57:42 EEST 2022
shoppingListCsvService,add,Wed May 11 13:57:42 EEST 2022
shoppingListCsvService,getAll,Wed May 11 13:57:43 EEST 2022
shoppingListCsvService,add,Wed May 11 13:57:43 EEST 2022
shoppingListCsvService,getAll,Wed May 11 13:57:43 EEST 2022
shoppingListCsvService,getById,Wed May 11 13:57:43 EEST 2022
shoppingListCsvService,getAll,Wed May 11 13:57:43 EEST 2022
shoppingListCsvService,delete,Wed May 11 13:57:43 EEST 2022
shoppingListCsvService,getAll,Wed May 11 13:57:43 EEST 2022
shoppingListCsvService,getById,Wed May 11 13:57:43 EEST 2022
shoppingListCsvService,getAll,Wed May 11 13:57:43 EEST 2022
shoppingListCsvService,getById,Wed May 11 13:57:43 EEST 2022
shoppingListCsvService,getAll,Wed May 11 13:57:43 EEST 2022
shoppingListCsvService,delete,Wed May 11 13:57:43 EEST 2022
shoppingListCsvService,getAll,Wed May 11 13:57:43 EEST 2022
shoppingListCsvService,add,Wed May 11 13:57:43 EEST 2022
shoppingListCsvService,getAll,Wed May 11 13:58:42 EEST 2022
shoppingListCsvService,add,Wed May 11 13:58:42 EEST 2022
shoppingListCsvService,getAll,Wed May 11 13:58:42 EEST 2022
shoppingListCsvService,getAll,Wed May 11 13:58:42 EEST 2022
shoppingListCsvService,getById,Wed May 11 13:58:42 EEST 2022
shoppingListCsvService,getAll,Wed May 11 13:58:42 EEST 2022
shoppingListCsvService,getById,Wed May 11 13:58:42 EEST 2022
shoppingListCsvService,getAll,Wed May 11 13:58:42 EEST 2022
shoppingListCsvService,delete,Wed May 11 13:58:42 EEST 2022
shoppingListCsvService,getAll,Wed May 11 13:58:42 EEST 2022
shoppingListCsvService,add,Wed May 11 13:58:42 EEST 2022
shoppingListCsvService,getAll,Wed May 11 13:58:42 EEST 2022
shoppingListCsvService,getById,Wed May 11 13:58:42 EEST 2022
shoppingListCsvService,getAll,Wed May 11 13:58:42 EEST 2022
shoppingListCsvService,getById,Wed May 11 13:58:42 EEST 2022
shoppingListCsvService,getAll,Wed May 11 13:58:42 EEST 2022
shoppingListCsvService,delete,Wed May 11 13:58:42 EEST 2022
shoppingListCsvService,getAll,Wed May 11 13:58:42 EEST 2022
shoppingListCsvService,add,Wed May 11 13:58:42 EEST 2022
shoppingListCsvService,getAll,Wed May 11 13:59:26 EEST 2022
shoppingListCsvService,getAll,Wed May 11 13:59:26 EEST 2022
shoppingListCsvService,getAll,Wed May 11 13:59:26 EEST 2022
shoppingListCsvService,getById,Wed May 11 13:59:26 EEST 2022
shoppingListCsvService,getAll,Wed May 11 13:59:26 EEST 2022
shoppingListCsvService,getById,Wed May 11 13:59:26 EEST 2022
shoppingListCsvService,getAll,Wed May 11 13:59:26 EEST 2022
shoppingListCsvService,delete,Wed May 11 13:59:26 EEST 2022
shoppingListCsvService,getAll,Wed May 11 13:59:26 EEST 2022
shoppingListCsvService,add,Wed May 11 13:59:26 EEST 2022
shoppingListCsvService,getAll,Wed May 11 13:59:26 EEST 2022
shoppingListCsvService,getById,Wed May 11 13:59:26 EEST 2022
shoppingListCsvService,getAll,Wed May 11 13:59:26 EEST 2022
shoppingListCsvService,getById,Wed May 11 13:59:26 EEST 2022
shoppingListCsvService,getAll,Wed May 11 13:59:26 EEST 2022
shoppingListCsvService,delete,Wed May 11 13:59:26 EEST 2022
shoppingListCsvService,getAll,Wed May 11 13:59:26 EEST 2022
shoppingListCsvService,add,Wed May 11 13:59:26 EEST 2022
shoppingListCsvService,getAll,Wed May 11 13:59:26 EEST 2022
shoppingListCsvService,getAll,Wed May 11 14:02:06 EEST 2022
shoppingListCsvService,add,Wed May 11 14:02:06 EEST 2022
shoppingListCsvService,getAll,Wed May 11 14:02:07 EEST 2022
shoppingListCsvService,add,Wed May 11 14:02:07 EEST 2022
shoppingListCsvService,getAll,Wed May 11 14:02:07 EEST 2022
shoppingListCsvService,getById,Wed May 11 14:02:07 EEST 2022
shoppingListCsvService,getAll,Wed May 11 14:02:07 EEST 2022
shoppingListCsvService,getById,Wed May 11 14:02:07 EEST 2022
shoppingListCsvService,getAll,Wed May 11 14:02:07 EEST 2022
shoppingListCsvService,delete,Wed May 11 14:02:07 EEST 2022
shoppingListCsvService,getAll,Wed May 11 14:02:07 EEST 2022
shoppingListCsvService,add,Wed May 11 14:02:07 EEST 2022
shoppingListCsvService,getAll,Wed May 11 14:02:07 EEST 2022
shoppingListCsvService,getById,Wed May 11 14:02:07 EEST 2022
shoppingListCsvService,getAll,Wed May 11 14:02:07 EEST 2022
shoppingListCsvService,getById,Wed May 11 14:02:07 EEST 2022
shoppingListCsvService,getAll,Wed May 11 14:02:07 EEST 2022
shoppingListCsvService,delete,Wed May 11 14:02:07 EEST 2022
shoppingListCsvService,getAll,Wed May 11 14:02:07 EEST 2022
shoppingListCsvService,add,Wed May 11 14:02:07 EEST 2022
shoppingListCsvService,getAll,Wed May 11 14:02:07 EEST 2022
shoppingListCsvService,getAll,Wed May 11 14:02:21 EEST 2022
shoppingListCsvService,getAll,Wed May 11 14:02:21 EEST 2022
shoppingListCsvService,getAll,Wed May 11 14:02:21 EEST 2022
shoppingListCsvService,getById,Wed May 11 14:02:21 EEST 2022
shoppingListCsvService,getAll,Wed May 11 14:02:21 EEST 2022
shoppingListCsvService,getById,Wed May 11 14:02:21 EEST 2022
shoppingListCsvService,getAll,Wed May 11 14:02:21 EEST 2022
shoppingListCsvService,getAll,Wed May 11 14:03:30 EEST 2022
shoppingListCsvService,getAll,Wed May 11 14:03:30 EEST 2022
shoppingListCsvService,getAll,Wed May 11 14:03:30 EEST 2022
shoppingListCsvService,getById,Wed May 11 14:03:30 EEST 2022
shoppingListCsvService,getAll,Wed May 11 14:03:30 EEST 2022
shoppingListCsvService,getById,Wed May 11 14:03:30 EEST 2022
shoppingListCsvService,getAll,Wed May 11 14:03:30 EEST 2022
shoppingListCsvService,getAll,Wed May 11 14:05:19 EEST 2022
shoppingListCsvService,getAll,Wed May 11 14:05:19 EEST 2022
shoppingListCsvService,getAll,Wed May 11 14:05:19 EEST 2022
shoppingListCsvService,getById,Wed May 11 14:05:19 EEST 2022
shoppingListCsvService,getAll,Wed May 11 14:05:19 EEST 2022
shoppingListCsvService,getById,Wed May 11 14:05:19 EEST 2022
shoppingListCsvService,getAll,Wed May 11 14:05:19 EEST 2022
toDoListCsvService,getAll,Wed May 11 14:05:20 EEST 2022
toDoListCsvService,add,Wed May 11 14:05:20 EEST 2022
shoppingListCsvService,getAll,Wed May 11 14:08:14 EEST 2022
shoppingListCsvService,getAll,Wed May 11 14:08:15 EEST 2022
shoppingListCsvService,getAll,Wed May 11 14:08:15 EEST 2022
shoppingListCsvService,getById,Wed May 11 14:08:15 EEST 2022
shoppingListCsvService,getAll,Wed May 11 14:08:15 EEST 2022
shoppingListCsvService,getById,Wed May 11 14:08:15 EEST 2022
shoppingListCsvService,getAll,Wed May 11 14:08:15 EEST 2022
toDoListCsvService,getAll,Wed May 11 14:08:15 EEST 2022
toDoListCsvService,add,Wed May 11 14:08:15 EEST 2022
shoppingListCsvService,getAll,Wed May 11 14:08:50 EEST 2022
shoppingListCsvService,getAll,Wed May 11 14:08:51 EEST 2022
shoppingListCsvService,getAll,Wed May 11 14:08:51 EEST 2022
shoppingListCsvService,getById,Wed May 11 14:08:51 EEST 2022
shoppingListCsvService,getAll,Wed May 11 14:08:51 EEST 2022
shoppingListCsvService,getById,Wed May 11 14:08:51 EEST 2022
toDoListCsvService,getAll,Wed May 11 14:08:51 EEST 2022
toDoListCsvService,add,Wed May 11 14:08:51 EEST 2022
shoppingListCsvService,getAll,Wed May 11 14:10:31 EEST 2022
shoppingListCsvService,add,Wed May 11 14:10:31 EEST 2022
shoppingListCsvService,getAll,Wed May 11 14:10:31 EEST 2022
shoppingListCsvService,add,Wed May 11 14:10:31 EEST 2022
shoppingListCsvService,getAll,Wed May 11 14:10:31 EEST 2022
shoppingListCsvService,getById,Wed May 11 14:10:31 EEST 2022
shoppingListCsvService,getAll,Wed May 11 14:10:31 EEST 2022
shoppingListCsvService,getById,Wed May 11 14:10:31 EEST 2022
shoppingListCsvService,getAll,Wed May 11 14:10:31 EEST 2022
shoppingListCsvService,delete,Wed May 11 14:10:31 EEST 2022
shoppingListCsvService,getAll,Wed May 11 14:10:31 EEST 2022
shoppingListCsvService,add,Wed May 11 14:10:31 EEST 2022
shoppingListCsvService,getAll,Wed May 11 14:10:31 EEST 2022
shoppingListCsvService,getById,Wed May 11 14:10:31 EEST 2022
shoppingListCsvService,getAll,Wed May 11 14:10:31 EEST 2022
shoppingListCsvService,getById,Wed May 11 14:10:31 EEST 2022
shoppingListCsvService,getAll,Wed May 11 14:10:31 EEST 2022
shoppingListCsvService,delete,Wed May 11 14:10:31 EEST 2022
shoppingListCsvService,getAll,Wed May 11 14:10:31 EEST 2022
shoppingListCsvService,add,Wed May 11 14:10:31 EEST 2022
toDoListCsvService,getAll,Wed May 11 14:10:31 EEST 2022
toDoListCsvService,add,Wed May 11 14:10:31 EEST 2022
shoppingListCsvService,getAll,Wed May 11 14:13:10 EEST 2022
shoppingListCsvService,getAll,Wed May 11 14:13:10 EEST 2022
shoppingListCsvService,getAll,Wed May 11 14:13:10 EEST 2022
shoppingListCsvService,getById,Wed May 11 14:13:10 EEST 2022
shoppingListCsvService,getAll,Wed May 11 14:13:10 EEST 2022
shoppingListCsvService,getById,Wed May 11 14:13:10 EEST 2022
toDoListCsvService,getAll,Wed May 11 14:13:10 EEST 2022
toDoListCsvService,add,Wed May 11 14:13:10 EEST 2022
shoppingListCsvService,getAll,Wed May 11 14:13:51 EEST 2022
shoppingListCsvService,getAll,Wed May 11 14:13:51 EEST 2022
toDoListCsvService,getAll,Wed May 11 14:13:52 EEST 2022
toDoListCsvService,add,Wed May 11 14:13:52 EEST 2022
shoppingListCsvService,getAll,Wed May 11 14:14:10 EEST 2022
shoppingListCsvService,getAll,Wed May 11 14:14:10 EEST 2022
toDoListCsvService,getAll,Wed May 11 14:14:10 EEST 2022
toDoListCsvService,add,Wed May 11 14:14:10 EEST 2022
shoppingListCsvService,getAll,Wed May 11 14:14:26 EEST 2022
shoppingListCsvService,getAll,Wed May 11 14:14:26 EEST 2022
toDoListCsvService,getAll,Wed May 11 14:14:26 EEST 2022
toDoListCsvService,add,Wed May 11 14:14:26 EEST 2022
shoppingListCsvService,getAll,Wed May 11 14:15:11 EEST 2022
shoppingListCsvService,getAll,Wed May 11 14:15:11 EEST 2022
toDoListCsvService,getAll,Wed May 11 14:15:11 EEST 2022
toDoListCsvService,add,Wed May 11 14:15:11 EEST 2022
toDoListCsvService,getAll,Wed May 11 14:15:11 EEST 2022
toDoListCsvService,getById,Wed May 11 14:15:11 EEST 2022
shoppingListCsvService,getAll,Wed May 11 14:15:58 EEST 2022
shoppingListCsvService,add,Wed May 11 14:15:58 EEST 2022
shoppingListCsvService,getAll,Wed May 11 14:15:58 EEST 2022
shoppingListCsvService,add,Wed May 11 14:15:58 EEST 2022
shoppingListCsvService,getAll,Wed May 11 14:15:58 EEST 2022
shoppingListCsvService,getById,Wed May 11 14:15:58 EEST 2022
shoppingListCsvService,getAll,Wed May 11 14:15:58 EEST 2022
shoppingListCsvService,delete,Wed May 11 14:15:58 EEST 2022
shoppingListCsvService,getAll,Wed May 11 14:15:58 EEST 2022
shoppingListCsvService,getById,Wed May 11 14:15:58 EEST 2022
shoppingListCsvService,getAll,Wed May 11 14:15:58 EEST 2022
shoppingListCsvService,getById,Wed May 11 14:15:58 EEST 2022
shoppingListCsvService,getAll,Wed May 11 14:15:58 EEST 2022
shoppingListCsvService,delete,Wed May 11 14:15:58 EEST 2022
shoppingListCsvService,getAll,Wed May 11 14:15:58 EEST 2022
shoppingListCsvService,add,Wed May 11 14:15:58 EEST 2022
shoppingListCsvService,getAll,Wed May 11 14:15:58 EEST 2022
shoppingListCsvService,getById,Wed May 11 14:15:58 EEST 2022
shoppingListCsvService,getAll,Wed May 11 14:16:39 EEST 2022
shoppingListCsvService,add,Wed May 11 14:16:39 EEST 2022
shoppingListCsvService,getAll,Wed May 11 14:16:39 EEST 2022
shoppingListCsvService,add,Wed May 11 14:16:39 EEST 2022
shoppingListCsvService,getAll,Wed May 11 14:16:39 EEST 2022
shoppingListCsvService,getById,Wed May 11 14:16:39 EEST 2022
shoppingListCsvService,getAll,Wed May 11 14:16:39 EEST 2022
shoppingListCsvService,getById,Wed May 11 14:16:39 EEST 2022
shoppingListCsvService,getAll,Wed May 11 14:16:39 EEST 2022
shoppingListCsvService,delete,Wed May 11 14:16:39 EEST 2022
shoppingListCsvService,getAll,Wed May 11 14:16:39 EEST 2022
shoppingListCsvService,add,Wed May 11 14:16:40 EEST 2022
shoppingListCsvService,getAll,Wed May 11 14:16:40 EEST 2022
shoppingListCsvService,getById,Wed May 11 14:16:40 EEST 2022
shoppingListCsvService,getAll,Wed May 11 14:16:40 EEST 2022
shoppingListCsvService,getById,Wed May 11 14:16:40 EEST 2022
shoppingListCsvService,getAll,Wed May 11 14:16:40 EEST 2022
shoppingListCsvService,delete,Wed May 11 14:16:40 EEST 2022
shoppingListCsvService,getAll,Wed May 11 14:16:40 EEST 2022
shoppingListCsvService,add,Wed May 11 14:16:40 EEST 2022
shoppingListCsvService,getAll,Wed May 11 14:16:40 EEST 2022
toDoListCsvService,getAll,Wed May 11 14:16:40 EEST 2022
toDoListCsvService,add,Wed May 11 14:16:40 EEST 2022
toDoListCsvService,getAll,Wed May 11 14:16:40 EEST 2022
toDoListCsvService,getById,Wed May 11 14:16:40 EEST 2022
toDoListCsvService,getAll,Wed May 11 14:16:40 EEST 2022
toDoListCsvService,getById,Wed May 11 14:16:40 EEST 2022
toDoListCsvService,getAll,Wed May 11 14:16:40 EEST 2022
toDoListCsvService,delete,Wed May 11 14:16:40 EEST 2022
toDoListCsvService,getAll,Wed May 11 14:16:40 EEST 2022
toDoListCsvService,add,Wed May 11 14:16:40 EEST 2022
shoppingListCsvService,getAll,Wed May 11 14:17:46 EEST 2022
shoppingListCsvService,getAll,Wed May 11 14:17:46 EEST 2022
shoppingListCsvService,getAll,Wed May 11 14:17:46 EEST 2022
shoppingListCsvService,getById,Wed May 11 14:17:46 EEST 2022
shoppingListCsvService,getAll,Wed May 11 14:17:46 EEST 2022
shoppingListCsvService,getById,Wed May 11 14:17:46 EEST 2022
shoppingListCsvService,getAll,Wed May 11 14:17:46 EEST 2022
toDoListCsvService,getAll,Wed May 11 14:17:46 EEST 2022
toDoListCsvService,add,Wed May 11 14:17:46 EEST 2022
toDoListCsvService,getAll,Wed May 11 14:17:46 EEST 2022
toDoListCsvService,getById,Wed May 11 14:17:46 EEST 2022
toDoListCsvService,getAll,Wed May 11 14:17:46 EEST 2022
toDoListCsvService,getById,Wed May 11 14:17:46 EEST 2022
toDoListCsvService,getAll,Wed May 11 14:17:46 EEST 2022
toDoListCsvService,delete,Wed May 11 14:17:46 EEST 2022
toDoListCsvService,getAll,Wed May 11 14:17:46 EEST 2022
toDoListCsvService,add,Wed May 11 14:17:46 EEST 2022
shoppingListCsvService,getAll,Wed May 11 14:23:06 EEST 2022
shoppingListCsvService,getAll,Wed May 11 14:23:06 EEST 2022
shoppingListCsvService,getAll,Wed May 11 14:23:06 EEST 2022
shoppingListCsvService,getById,Wed May 11 14:23:06 EEST 2022
shoppingListCsvService,getAll,Wed May 11 14:23:06 EEST 2022
shoppingListCsvService,getById,Wed May 11 14:23:06 EEST 2022
shoppingListCsvService,getAll,Wed May 11 14:23:06 EEST 2022
toDoListCsvService,getAll,Wed May 11 14:23:06 EEST 2022
toDoListCsvService,add,Wed May 11 14:23:06 EEST 2022
toDoListCsvService,getAll,Wed May 11 14:23:06 EEST 2022
toDoListCsvService,getById,Wed May 11 14:23:06 EEST 2022
toDoListCsvService,getAll,Wed May 11 14:23:06 EEST 2022
toDoListCsvService,getById,Wed May 11 14:23:06 EEST 2022
shoppingListCsvService,getAll,Wed May 11 14:23:55 EEST 2022
shoppingListCsvService,getAll,Wed May 11 14:23:56 EEST 2022
shoppingListCsvService,getAll,Wed May 11 14:23:56 EEST 2022
shoppingListCsvService,getById,Wed May 11 14:23:56 EEST 2022
shoppingListCsvService,getAll,Wed May 11 14:23:56 EEST 2022
shoppingListCsvService,getById,Wed May 11 14:23:56 EEST 2022
shoppingListCsvService,getAll,Wed May 11 14:23:56 EEST 2022
toDoListCsvService,getAll,Wed May 11 14:23:56 EEST 2022
toDoListCsvService,add,Wed May 11 14:23:56 EEST 2022
toDoListCsvService,getAll,Wed May 11 14:23:56 EEST 2022
toDoListCsvService,getById,Wed May 11 14:23:56 EEST 2022
shoppingListCsvService,getAll,Wed May 11 14:23:56 EEST 2022
shoppingListCsvService,getById,Wed May 11 14:23:56 EEST 2022
shoppingListCsvService,getAll,Wed May 11 14:23:56 EEST 2022
shoppingListCsvService,getById,Wed May 11 14:23:56 EEST 2022
shoppingListCsvService,getAll,Wed May 11 14:23:56 EEST 2022
shoppingListCsvService,delete,Wed May 11 14:23:56 EEST 2022
shoppingListCsvService,getAll,Wed May 11 14:23:56 EEST 2022
shoppingListCsvService,add,Wed May 11 14:23:56 EEST 2022
shoppingListCsvService,getAll,Wed May 11 14:28:50 EEST 2022
shoppingListCsvService,getAll,Wed May 11 14:28:50 EEST 2022
shoppingListCsvService,getAll,Wed May 11 14:28:50 EEST 2022
shoppingListCsvService,getById,Wed May 11 14:28:50 EEST 2022
shoppingListCsvService,getAll,Wed May 11 14:28:50 EEST 2022
shoppingListCsvService,getById,Wed May 11 14:28:50 EEST 2022
shoppingListCsvService,getAll,Wed May 11 14:28:50 EEST 2022
toDoListCsvService,getAll,Wed May 11 14:28:50 EEST 2022
toDoListCsvService,add,Wed May 11 14:28:50 EEST 2022
toDoListCsvService,getAll,Wed May 11 14:28:50 EEST 2022
toDoListCsvService,getById,Wed May 11 14:28:50 EEST 2022
shoppingListCsvService,getAll,Wed May 11 14:28:50 EEST 2022
shoppingListCsvService,getById,Wed May 11 14:28:50 EEST 2022
shoppingListCsvService,getAll,Wed May 11 14:28:50 EEST 2022
shoppingListCsvService,getById,Wed May 11 14:28:50 EEST 2022
shoppingListCsvService,getAll,Wed May 11 14:28:50 EEST 2022
shoppingListCsvService,delete,Wed May 11 14:28:50 EEST 2022
shoppingListCsvService,getAll,Wed May 11 14:28:50 EEST 2022
shoppingListCsvService,add,Wed May 11 14:28:50 EEST 2022
toDoListCsvService,getAll,Wed May 11 14:28:50 EEST 2022
toDoListCsvService,getById,Wed May 11 14:28:50 EEST 2022
toDoListCsvService,getAll,Wed May 11 14:28:50 EEST 2022
toDoListCsvService,getById,Wed May 11 14:28:50 EEST 2022
toDoListCsvService,getAll,Wed May 11 14:28:50 EEST 2022
toDoListCsvService,delete,Wed May 11 14:28:50 EEST 2022
toDoListCsvService,getAll,Wed May 11 14:28:50 EEST 2022
toDoListCsvService,add,Wed May 11 14:28:50 EEST 2022
shoppingListCsvService,getAll,Wed May 11 14:30:21 EEST 2022
shoppingListCsvService,getAll,Wed May 11 14:30:21 EEST 2022
shoppingListCsvService,getAll,Wed May 11 14:30:21 EEST 2022
shoppingListCsvService,getById,Wed May 11 14:30:21 EEST 2022
shoppingListCsvService,getAll,Wed May 11 14:30:21 EEST 2022
shoppingListCsvService,getById,Wed May 11 14:30:21 EEST 2022
shoppingListCsvService,getAll,Wed May 11 14:30:21 EEST 2022
toDoListCsvService,getAll,Wed May 11 14:30:22 EEST 2022
toDoListCsvService,add,Wed May 11 14:30:22 EEST 2022
toDoListCsvService,getAll,Wed May 11 14:30:22 EEST 2022
toDoListCsvService,getById,Wed May 11 14:30:22 EEST 2022
shoppingListCsvService,getAll,Wed May 11 14:30:22 EEST 2022
shoppingListCsvService,getById,Wed May 11 14:30:22 EEST 2022
shoppingListCsvService,getAll,Wed May 11 14:30:22 EEST 2022
shoppingListCsvService,getById,Wed May 11 14:30:22 EEST 2022
shoppingListCsvService,getAll,Wed May 11 14:30:22 EEST 2022
shoppingListCsvService,delete,Wed May 11 14:30:22 EEST 2022
shoppingListCsvService,getAll,Wed May 11 14:30:22 EEST 2022
shoppingListCsvService,add,Wed May 11 14:30:22 EEST 2022
toDoListCsvService,getAll,Wed May 11 14:30:22 EEST 2022
toDoListCsvService,getById,Wed May 11 14:30:22 EEST 2022
toDoListCsvService,getAll,Wed May 11 14:30:22 EEST 2022
toDoListCsvService,getById,Wed May 11 14:30:22 EEST 2022
toDoListCsvService,getAll,Wed May 11 14:30:22 EEST 2022
toDoListCsvService,delete,Wed May 11 14:30:22 EEST 2022
toDoListCsvService,getAll,Wed May 11 14:30:22 EEST 2022
toDoListCsvService,add,Wed May 11 14:30:22 EEST 2022
shoppingListCsvService,getAll,Wed May 11 14:34:24 EEST 2022
shoppingListCsvService,getAll,Wed May 11 14:34:24 EEST 2022
shoppingListCsvService,getAll,Wed May 11 14:34:24 EEST 2022
shoppingListCsvService,getById,Wed May 11 14:34:24 EEST 2022
shoppingListCsvService,getAll,Wed May 11 14:34:24 EEST 2022
shoppingListCsvService,getById,Wed May 11 14:34:24 EEST 2022
shoppingListCsvService,getAll,Wed May 11 14:34:24 EEST 2022
toDoListCsvService,getAll,Wed May 11 14:34:25 EEST 2022
toDoListCsvService,add,Wed May 11 14:34:25 EEST 2022
toDoListCsvService,getAll,Wed May 11 14:34:25 EEST 2022
toDoListCsvService,getById,Wed May 11 14:34:25 EEST 2022
shoppingListCsvService,getAll,Wed May 11 14:34:25 EEST 2022
shoppingListCsvService,getById,Wed May 11 14:34:25 EEST 2022
shoppingListCsvService,getAll,Wed May 11 14:34:25 EEST 2022
shoppingListCsvService,getById,Wed May 11 14:34:25 EEST 2022
shoppingListCsvService,getAll,Wed May 11 14:34:25 EEST 2022
shoppingListCsvService,delete,Wed May 11 14:34:25 EEST 2022
shoppingListCsvService,getAll,Wed May 11 14:34:25 EEST 2022
shoppingListCsvService,add,Wed May 11 14:34:25 EEST 2022
toDoListCsvService,getAll,Wed May 11 14:34:25 EEST 2022
toDoListCsvService,getById,Wed May 11 14:34:25 EEST 2022
toDoListCsvService,getAll,Wed May 11 14:34:25 EEST 2022
toDoListCsvService,getById,Wed May 11 14:34:25 EEST 2022
toDoListCsvService,getAll,Wed May 11 14:34:25 EEST 2022
toDoListCsvService,delete,Wed May 11 14:34:25 EEST 2022
toDoListCsvService,getAll,Wed May 11 14:34:25 EEST 2022
toDoListCsvService,add,Wed May 11 14:34:25 EEST 2022
shoppingListCsvService,getAll,Wed May 11 14:34:25 EEST 2022
shoppingListCsvService,getById,Wed May 11 14:34:25 EEST 2022
shoppingListCsvService,getAll,Wed May 11 14:34:25 EEST 2022
shoppingListCsvService,getById,Wed May 11 14:34:25 EEST 2022
shoppingListCsvService,getAll,Wed May 11 14:34:25 EEST 2022
shoppingListCsvService,delete,Wed May 11 14:34:25 EEST 2022
shoppingListCsvService,getAll,Wed May 11 14:34:25 EEST 2022
shoppingListCsvService,add,Wed May 11 14:34:25 EEST 2022
shoppingListCsvService,getAll,Wed May 11 14:35:13 EEST 2022
shoppingListCsvService,getAll,Wed May 11 14:35:13 EEST 2022
shoppingListCsvService,getAll,Wed May 11 14:35:13 EEST 2022
shoppingListCsvService,getById,Wed May 11 14:35:13 EEST 2022
shoppingListCsvService,getAll,Wed May 11 14:35:13 EEST 2022
shoppingListCsvService,getById,Wed May 11 14:35:13 EEST 2022
shoppingListCsvService,getAll,Wed May 11 14:35:13 EEST 2022
toDoListCsvService,getAll,Wed May 11 14:35:13 EEST 2022
toDoListCsvService,add,Wed May 11 14:35:13 EEST 2022
toDoListCsvService,getAll,Wed May 11 14:35:13 EEST 2022
toDoListCsvService,getById,Wed May 11 14:35:13 EEST 2022
shoppingListCsvService,getAll,Wed May 11 14:35:13 EEST 2022
shoppingListCsvService,getById,Wed May 11 14:35:13 EEST 2022
shoppingListCsvService,getAll,Wed May 11 14:35:13 EEST 2022
shoppingListCsvService,getById,Wed May 11 14:35:13 EEST 2022
shoppingListCsvService,getAll,Wed May 11 14:35:13 EEST 2022
shoppingListCsvService,delete,Wed May 11 14:35:13 EEST 2022
shoppingListCsvService,getAll,Wed May 11 14:35:13 EEST 2022
shoppingListCsvService,add,Wed May 11 14:35:13 EEST 2022
toDoListCsvService,getAll,Wed May 11 14:35:13 EEST 2022
toDoListCsvService,getById,Wed May 11 14:35:13 EEST 2022
toDoListCsvService,getAll,Wed May 11 14:35:13 EEST 2022
toDoListCsvService,getById,Wed May 11 14:35:13 EEST 2022
toDoListCsvService,getAll,Wed May 11 14:35:13 EEST 2022
toDoListCsvService,delete,Wed May 11 14:35:13 EEST 2022
toDoListCsvService,getAll,Wed May 11 14:35:13 EEST 2022
toDoListCsvService,add,Wed May 11 14:35:14 EEST 2022
shoppingListCsvService,getAll,Wed May 11 14:35:14 EEST 2022
shoppingListCsvService,getById,Wed May 11 14:35:14 EEST 2022
shoppingListCsvService,getAll,Wed May 11 14:35:14 EEST 2022
shoppingListCsvService,getById,Wed May 11 14:35:14 EEST 2022
shoppingListCsvService,getAll,Wed May 11 14:35:14 EEST 2022
shoppingListCsvService,delete,Wed May 11 14:35:14 EEST 2022
shoppingListCsvService,getAll,Wed May 11 14:35:14 EEST 2022
shoppingListCsvService,add,Wed May 11 14:35:14 EEST 2022
shoppingListCsvService,getAll,Wed May 11 14:35:29 EEST 2022
shoppingListCsvService,add,Wed May 11 14:35:29 EEST 2022
shoppingListCsvService,getAll,Wed May 11 14:35:30 EEST 2022
shoppingListCsvService,add,Wed May 11 14:35:30 EEST 2022
shoppingListCsvService,getAll,Wed May 11 14:35:30 EEST 2022
shoppingListCsvService,getById,Wed May 11 14:35:30 EEST 2022
shoppingListCsvService,getAll,Wed May 11 14:35:30 EEST 2022
shoppingListCsvService,getById,Wed May 11 14:35:30 EEST 2022
shoppingListCsvService,getAll,Wed May 11 14:35:30 EEST 2022
shoppingListCsvService,delete,Wed May 11 14:35:30 EEST 2022
shoppingListCsvService,getAll,Wed May 11 14:35:30 EEST 2022
shoppingListCsvService,add,Wed May 11 14:35:30 EEST 2022
shoppingListCsvService,getAll,Wed May 11 14:35:30 EEST 2022
shoppingListCsvService,getById,Wed May 11 14:35:30 EEST 2022
shoppingListCsvService,getAll,Wed May 11 14:35:30 EEST 2022
shoppingListCsvService,getById,Wed May 11 14:35:30 EEST 2022
shoppingListCsvService,getAll,Wed May 11 14:35:30 EEST 2022
shoppingListCsvService,delete,Wed May 11 14:35:30 EEST 2022
shoppingListCsvService,getAll,Wed May 11 14:35:30 EEST 2022
shoppingListCsvService,add,Wed May 11 14:35:30 EEST 2022
shoppingListCsvService,getAll,Wed May 11 14:35:30 EEST 2022
toDoListCsvService,getAll,Wed May 11 14:35:30 EEST 2022
toDoListCsvService,add,Wed May 11 14:35:30 EEST 2022
toDoListCsvService,getAll,Wed May 11 14:35:30 EEST 2022
toDoListCsvService,getById,Wed May 11 14:35:30 EEST 2022
shoppingListCsvService,getAll,Wed May 11 14:35:30 EEST 2022
shoppingListCsvService,getById,Wed May 11 14:35:30 EEST 2022
shoppingListCsvService,getAll,Wed May 11 14:35:30 EEST 2022
shoppingListCsvService,getById,Wed May 11 14:35:30 EEST 2022
shoppingListCsvService,getAll,Wed May 11 14:35:30 EEST 2022
shoppingListCsvService,delete,Wed May 11 14:35:30 EEST 2022
shoppingListCsvService,getAll,Wed May 11 14:35:30 EEST 2022
shoppingListCsvService,add,Wed May 11 14:35:30 EEST 2022
toDoListCsvService,getAll,Wed May 11 14:35:30 EEST 2022
toDoListCsvService,getById,Wed May 11 14:35:30 EEST 2022
toDoListCsvService,getAll,Wed May 11 14:35:30 EEST 2022
toDoListCsvService,getById,Wed May 11 14:35:30 EEST 2022
toDoListCsvService,getAll,Wed May 11 14:35:30 EEST 2022
toDoListCsvService,delete,Wed May 11 14:35:30 EEST 2022
toDoListCsvService,getAll,Wed May 11 14:35:30 EEST 2022
toDoListCsvService,add,Wed May 11 14:35:30 EEST 2022
shoppingListCsvService,getAll,Wed May 11 14:35:31 EEST 2022
shoppingListCsvService,getById,Wed May 11 14:35:31 EEST 2022
shoppingListCsvService,getAll,Wed May 11 14:35:31 EEST 2022
shoppingListCsvService,getById,Wed May 11 14:35:31 EEST 2022
shoppingListCsvService,getAll,Wed May 11 14:35:31 EEST 2022
shoppingListCsvService,delete,Wed May 11 14:35:31 EEST 2022
shoppingListCsvService,getAll,Wed May 11 14:35:31 EEST 2022
shoppingListCsvService,add,Wed May 11 14:35:31 EEST 2022
shoppingListCsvService,getAll,Wed May 11 14:37:58 EEST 2022
shoppingListCsvService,getAll,Wed May 11 14:37:59 EEST 2022
shoppingListCsvService,getAll,Wed May 11 14:37:59 EEST 2022
shoppingListCsvService,getById,Wed May 11 14:37:59 EEST 2022
shoppingListCsvService,getAll,Wed May 11 14:37:59 EEST 2022
shoppingListCsvService,getById,Wed May 11 14:37:59 EEST 2022
shoppingListCsvService,getAll,Wed May 11 14:37:59 EEST 2022
toDoListCsvService,getAll,Wed May 11 14:37:59 EEST 2022
toDoListCsvService,add,Wed May 11 14:37:59 EEST 2022
toDoListCsvService,getAll,Wed May 11 14:37:59 EEST 2022
toDoListCsvService,getById,Wed May 11 14:37:59 EEST 2022
shoppingListCsvService,getAll,Wed May 11 14:37:59 EEST 2022
shoppingListCsvService,getById,Wed May 11 14:37:59 EEST 2022
shoppingListCsvService,getAll,Wed May 11 14:37:59 EEST 2022
shoppingListCsvService,getById,Wed May 11 14:37:59 EEST 2022
shoppingListCsvService,getAll,Wed May 11 14:37:59 EEST 2022
shoppingListCsvService,delete,Wed May 11 14:37:59 EEST 2022
shoppingListCsvService,getAll,Wed May 11 14:38:00 EEST 2022
shoppingListCsvService,add,Wed May 11 14:38:00 EEST 2022
shoppingListCsvService,updateMaxPrice,Wed May 11 14:38:00 EEST 2022
toDoListCsvService,getAll,Wed May 11 14:38:00 EEST 2022
toDoListCsvService,getById,Wed May 11 14:38:00 EEST 2022
toDoListCsvService,getAll,Wed May 11 14:38:00 EEST 2022
toDoListCsvService,getById,Wed May 11 14:38:00 EEST 2022
toDoListCsvService,getAll,Wed May 11 14:38:00 EEST 2022
toDoListCsvService,delete,Wed May 11 14:38:00 EEST 2022
toDoListCsvService,getAll,Wed May 11 14:38:00 EEST 2022
toDoListCsvService,add,Wed May 11 14:38:00 EEST 2022
toDoListCsvService,completeItemFromList,Wed May 11 14:38:00 EEST 2022
shoppingListCsvService,getAll,Wed May 11 14:38:00 EEST 2022
shoppingListCsvService,getById,Wed May 11 14:38:00 EEST 2022
shoppingListCsvService,getAll,Wed May 11 14:38:00 EEST 2022
shoppingListCsvService,getById,Wed May 11 14:38:00 EEST 2022
shoppingListCsvService,getAll,Wed May 11 14:38:00 EEST 2022
shoppingListCsvService,delete,Wed May 11 14:38:00 EEST 2022
shoppingListCsvService,getAll,Wed May 11 14:38:00 EEST 2022
shoppingListCsvService,add,Wed May 11 14:38:00 EEST 2022
shoppingListCsvService,updateQuantityOfItemFromList,Wed May 11 14:38:00 EEST 2022
shoppingListCsvService,getAll,Wed May 11 14:40:48 EEST 2022
shoppingListCsvService,getAll,Wed May 11 14:40:48 EEST 2022
shoppingListCsvService,getAll,Wed May 11 14:40:48 EEST 2022
shoppingListCsvService,getById,Wed May 11 14:40:48 EEST 2022
shoppingListCsvService,getAll,Wed May 11 14:40:48 EEST 2022
shoppingListCsvService,getById,Wed May 11 14:40:48 EEST 2022
shoppingListCsvService,getAll,Wed May 11 14:40:48 EEST 2022
toDoListCsvService,getAll,Wed May 11 14:40:48 EEST 2022
toDoListCsvService,add,Wed May 11 14:40:48 EEST 2022
toDoListCsvService,getAll,Wed May 11 14:40:48 EEST 2022
toDoListCsvService,getById,Wed May 11 14:40:48 EEST 2022
shoppingListCsvService,getAll,Wed May 11 14:40:48 EEST 2022
shoppingListCsvService,getById,Wed May 11 14:40:48 EEST 2022
shoppingListCsvService,getAll,Wed May 11 14:40:48 EEST 2022
shoppingListCsvService,getById,Wed May 11 14:40:48 EEST 2022
shoppingListCsvService,getAll,Wed May 11 14:40:48 EEST 2022
shoppingListCsvService,delete,Wed May 11 14:40:48 EEST 2022
shoppingListCsvService,getAll,Wed May 11 14:40:48 EEST 2022
shoppingListCsvService,add,Wed May 11 14:40:48 EEST 2022
shoppingListCsvService,updateMaxPrice,Wed May 11 14:40:48 EEST 2022
toDoListCsvService,getAll,Wed May 11 14:40:48 EEST 2022
toDoListCsvService,getById,Wed May 11 14:40:48 EEST 2022
toDoListCsvService,getAll,Wed May 11 14:40:48 EEST 2022
toDoListCsvService,getById,Wed May 11 14:40:48 EEST 2022
toDoListCsvService,getAll,Wed May 11 14:40:48 EEST 2022
toDoListCsvService,delete,Wed May 11 14:40:48 EEST 2022
toDoListCsvService,getAll,Wed May 11 14:40:48 EEST 2022
toDoListCsvService,add,Wed May 11 14:40:48 EEST 2022
toDoListCsvService,completeItemFromList,Wed May 11 14:40:48 EEST 2022
shoppingListCsvService,getAll,Wed May 11 14:40:48 EEST 2022
shoppingListCsvService,getById,Wed May 11 14:40:48 EEST 2022
shoppingListCsvService,getAll,Wed May 11 14:40:48 EEST 2022
shoppingListCsvService,getById,Wed May 11 14:40:48 EEST 2022
shoppingListCsvService,getAll,Wed May 11 14:40:48 EEST 2022
shoppingListCsvService,delete,Wed May 11 14:40:48 EEST 2022
shoppingListCsvService,getAll,Wed May 11 14:40:48 EEST 2022
shoppingListCsvService,add,Wed May 11 14:40:48 EEST 2022
shoppingListCsvService,updateQuantityOfItemFromList,Wed May 11 14:40:48 EEST 2022
shoppingItemCsvService,getAll,Wed May 11 14:40:48 EEST 2022
shoppingItemCsvService,add,Wed May 11 14:40:48 EEST 2022
toDoItemCsvService,getAll,Wed May 11 14:40:48 EEST 2022
toDoItemCsvService,add,Wed May 11 14:40:48 EEST 2022
